id_renta,id_vehiculo,id_punto_salida,id_punto_retorno,id_cliente,fecha_inicio,fecha_fin,costo_total
1,37,7,7,85,2022-08-09 14:21:01,2024-07-07 11:51:37,4732
2,74,10,10,55,2022-07-22 13:39:18,2024-03-19 08:09:06,1488
3,41,5,10,4,2022-10-24 06:57:14,2023-11-26 09:04:19,2446
4,2,5,8,74,2022-12-05 20:00:56,2024-03-11 22:46:03,3930
5,16,10,1,48,2022-08-29 10:56:35,2024-02-21 10:01:43,548
6,35,2,6,48,2022-08-19 09:05:59,2024-03-04 06:35:32,1950
7,89,9,6,48,2022-08-27 23:38:08,2023-12-26 15:31:30,4515
8,59,8,6,27,2023-01-01 19:20:57,2024-03-12 07:18:44,1606
9,96,7,9,39,2023-06-21 15:35:29,2024-06-06 22:08:56,4423
10,76,2,10,77,2022-09-18 15:53:59,2024-04-23 18:43:08,545
11,14,1,5,67,2022-12-27 17:36:47,2024-04-01 00:57:34,4790
12,72,7,9,64,2022-12-22 05:12:38,2024-06-10 14:32:06,3449
13,86,8,8,22,2023-02-12 14:18:50,2024-06-13 16:28:56,2616
14,82,1,8,27,2023-06-25 02:05:03,2023-12-30 09:34:38,1907
15,17,8,9,64,2023-03-13 07:25:09,2023-08-08 04:00:20,2362
16,85,1,7,77,2023-04-23 15:53:27,2024-01-18 21:37:39,3973
17,43,5,3,9,2023-02-01 02:42:30,2024-05-10 00:05:02,3063
18,31,9,7,84,2023-06-15 02:40:29,2023-07-28 14:48:39,4161
19,64,6,4,36,2022-09-28 18:08:57,2023-08-29 05:59:05,2689
20,20,2,7,1,2022-11-17 21:38:56,2024-06-24 02:29:04,3590
21,49,6,10,30,2023-03-03 14:58:37,2023-10-05 18:55:55,4645
22,70,3,1,23,2023-06-13 07:17:27,2024-02-28 09:39:54,1099
23,50,4,3,54,2022-09-23 14:23:22,2023-11-16 07:00:47,1193
24,69,3,7,33,2023-07-03 15:08:07,2023-07-17 18:25:08,3354
25,60,7,1,76,2023-05-27 03:55:38,2024-05-13 01:10:42,1780
26,62,2,1,30,2023-02-04 06:23:44,2023-07-25 10:17:02,3220
27,3,3,10,75,2022-09-30 18:22:53,2024-01-18 20:23:55,4896
28,91,5,3,75,2022-08-10 16:37:17,2024-03-13 01:03:35,2911
29,37,9,10,65,2022-10-13 08:48:07,2024-05-03 01:06:19,4753
30,27,3,7,81,2023-01-30 11:04:57,2024-01-05 00:01:24,4154
31,29,6,1,68,2022-09-27 07:01:52,2023-11-10 23:59:04,523
32,96,6,5,62,2023-03-25 13:41:15,2023-10-27 15:23:42,3673
33,74,9,3,39,2022-08-11 15:05:25,2024-01-02 15:31:31,3325
34,90,6,4,56,2023-03-29 14:11:32,2023-09-30 20:42:40,3595
35,43,10,6,9,2022-09-04 20:16:08,2024-06-25 05:31:29,3357
36,64,3,6,25,2022-09-08 20:57:09,2023-11-25 09:59:13,2188
37,18,4,8,45,2022-10-13 06:53:01,2024-04-08 13:02:15,3149
38,53,10,5,73,2022-08-28 07:45:22,2023-10-16 08:24:26,4741
39,38,1,1,91,2023-03-31 11:32:38,2024-06-23 12:06:55,2482
40,36,1,3,33,2022-11-30 20:22:03,2023-10-21 11:07:36,2488
41,51,7,5,96,2022-11-09 13:43:26,2024-05-17 15:28:11,4520
42,15,6,6,41,2022-10-26 22:12:29,2024-01-16 19:18:35,861
43,1,1,5,16,2023-01-09 09:03:17,2023-08-07 08:47:43,4102
44,20,3,2,37,2023-01-08 10:29:11,2023-11-12 07:36:08,1084
45,25,7,1,90,2023-03-18 06:15:05,2024-04-27 15:40:53,4992
46,16,7,3,29,2023-03-08 19:15:56,2024-02-19 22:26:21,1409
47,59,10,3,96,2022-09-30 23:38:26,2024-07-11 15:32:15,4351
48,100,3,9,94,2022-12-25 20:49:35,2024-03-17 06:44:51,4476
49,68,5,6,40,2022-07-24 02:04:49,2023-10-25 06:59:44,3298
50,27,4,4,59,2023-03-08 21:49:17,2023-10-05 19:50:22,4051
51,20,5,3,98,2022-11-26 12:36:19,2024-07-06 14:45:49,1667
52,94,8,8,33,2022-10-08 01:58:05,2024-01-12 12:29:47,2493
53,31,1,7,69,2022-08-22 01:09:42,2023-09-23 01:48:56,2163
54,57,2,2,3,2022-12-26 05:33:45,2024-01-05 04:18:12,4229
55,59,5,9,31,2022-12-07 01:34:39,2024-06-10 02:36:27,4922
56,29,10,4,67,2023-04-21 15:17:58,2023-12-05 09:16:46,4212
57,60,7,9,42,2022-11-06 15:03:13,2023-10-22 00:39:58,873
58,63,3,9,96,2023-06-18 13:49:54,2023-11-11 12:34:21,3308
59,20,1,2,67,2023-03-28 04:54:43,2023-09-04 17:37:26,4904
60,42,6,10,92,2022-10-05 04:31:29,2024-05-18 15:07:41,4963
61,78,8,5,27,2022-09-25 01:55:04,2023-10-01 14:31:19,3568
62,58,1,7,64,2023-04-22 06:29:33,2023-08-23 14:10:36,1133
63,83,3,2,33,2023-06-06 08:31:48,2024-03-26 05:29:50,3956
64,6,9,1,37,2023-04-16 19:07:36,2024-07-05 10:59:09,2962
65,65,10,6,17,2023-04-22 15:13:30,2023-10-08 11:51:09,2559
66,1,4,1,16,2023-06-18 20:36:59,2024-01-02 06:55:46,1482
67,45,6,8,64,2022-09-02 01:31:45,2023-12-21 06:36:26,3215
68,90,8,6,35,2022-09-01 15:10:11,2023-08-10 00:03:46,4081
69,54,10,9,18,2023-06-14 15:58:02,2023-11-28 04:16:26,2875
70,90,6,7,67,2022-07-26 06:03:35,2024-02-25 12:02:37,2304
71,20,5,10,2,2022-10-29 21:47:23,2023-11-15 21:23:52,2278
72,62,6,6,6,2023-07-12 14:35:30,2023-08-30 06:49:22,4271
73,86,10,6,70,2022-07-31 18:21:34,2024-01-25 10:37:10,3833
74,92,5,1,87,2022-10-28 01:26:21,2023-07-21 11:06:04,2807
75,97,7,1,17,2022-10-12 21:48:42,2023-08-02 20:58:40,2859
76,25,9,2,2,2022-08-15 08:06:34,2024-04-01 14:13:48,2774
77,57,2,8,19,2022-07-24 15:05:21,2023-11-07 01:08:22,569
78,38,1,7,93,2022-07-24 21:49:52,2024-07-04 10:32:35,2894
79,38,6,10,92,2022-08-17 03:40:40,2023-10-16 16:18:16,585
80,22,7,8,69,2022-12-05 06:27:40,2023-07-16 10:57:01,2848
81,60,8,1,80,2022-09-09 12:51:44,2024-02-11 03:50:37,4597
82,40,1,5,82,2023-04-22 13:09:22,2023-11-14 22:27:46,4112
83,69,5,1,67,2023-02-11 15:57:37,2023-12-14 17:07:23,2155
84,99,1,3,41,2022-10-18 14:05:56,2023-10-01 09:21:57,2345
85,52,1,6,89,2023-05-02 23:39:55,2024-06-25 05:20:15,3888
86,57,8,2,35,2022-09-18 21:01:43,2024-06-19 05:53:15,778
87,52,1,3,14,2023-04-05 13:13:00,2024-02-02 18:37:55,4683
88,69,5,10,20,2023-01-28 04:21:09,2024-06-26 01:23:58,621
89,46,1,2,65,2022-12-02 10:36:25,2023-07-30 21:18:22,4693
90,30,9,6,39,2023-05-19 06:52:24,2024-06-04 15:19:19,1852
91,43,10,1,18,2022-10-27 11:24:51,2023-09-02 11:30:25,4180
92,70,8,3,4,2022-09-15 17:17:10,2024-03-09 20:43:02,856
93,25,8,8,93,2023-05-20 07:27:33,2023-09-22 06:56:04,1160
94,97,3,3,57,2022-11-20 01:27:58,2023-08-25 12:11:29,3363
95,4,2,2,63,2022-12-17 10:51:28,2023-12-06 16:10:54,4733
96,88,7,1,63,2023-06-13 06:01:39,2024-02-25 08:22:31,1906
97,73,8,6,25,2023-03-13 14:27:11,2023-12-06 11:56:14,3759
98,21,8,6,72,2023-05-21 06:56:54,2023-08-25 23:55:30,2518
99,5,5,7,11,2023-07-12 03:06:06,2023-09-01 22:23:02,1323
100,21,10,3,96,2023-02-08 02:10:55,2024-06-17 20:51:50,4644
101,8,6,5,21,2023-04-11 07:46:27,2024-01-03 09:05:31,1754
102,84,9,9,90,2023-01-06 03:24:17,2023-12-03 11:17:55,3588
103,41,1,5,96,2022-07-31 06:40:11,2024-05-31 17:54:46,4737
104,33,7,6,30,2023-02-15 07:34:02,2024-04-21 21:45:18,3217
105,60,2,1,81,2023-06-25 09:02:48,2023-10-16 11:37:51,4323
106,80,3,1,55,2022-10-12 07:31:45,2023-09-01 06:49:27,2076
107,31,4,5,9,2023-05-22 16:26:13,2023-12-07 04:58:09,2391
108,56,7,2,34,2023-01-08 16:12:27,2023-07-20 20:52:41,4094
109,39,9,8,68,2022-09-15 19:12:23,2024-07-05 07:58:01,1037
110,17,8,7,23,2023-06-02 01:18:40,2023-10-01 15:54:09,2264
111,31,3,1,26,2022-11-02 18:27:08,2023-10-11 13:38:21,3452
112,78,1,10,12,2022-10-02 04:29:26,2023-11-23 11:38:21,2681
113,16,4,6,75,2023-04-08 08:29:29,2024-01-18 23:53:15,776
114,71,7,1,62,2023-04-23 00:14:59,2024-07-06 16:49:09,2975
115,48,7,8,55,2023-06-05 14:30:27,2024-05-26 11:14:57,1567
116,96,9,5,56,2022-08-29 23:14:29,2024-05-19 08:55:47,3669
117,36,4,6,42,2023-06-06 15:20:19,2024-03-20 13:06:18,3531
118,68,5,3,11,2023-01-07 06:23:47,2023-10-12 01:09:55,3625
119,6,3,2,32,2023-07-06 08:21:24,2024-05-31 04:12:27,4709
120,39,7,7,86,2023-05-16 06:18:20,2023-08-01 01:45:18,2658
121,83,8,9,19,2022-11-26 05:44:08,2023-11-07 06:06:49,1049
122,70,8,2,99,2022-09-21 10:44:58,2024-03-25 09:05:00,4499
123,83,3,9,85,2022-07-30 16:57:01,2024-02-19 19:10:18,3551
124,70,9,7,30,2023-06-26 17:44:53,2024-05-22 01:00:18,4982
125,95,7,2,29,2023-03-25 01:37:14,2024-02-29 05:43:46,3833
126,46,4,2,82,2022-12-16 11:36:18,2023-10-20 08:29:57,3539
127,21,1,5,22,2023-03-27 20:34:00,2023-07-18 06:41:45,3713
128,33,9,8,31,2023-03-08 20:08:44,2024-03-19 09:13:58,3791
129,60,8,8,91,2023-02-25 18:48:20,2024-03-30 04:30:18,762
130,44,10,8,6,2023-05-03 22:07:26,2023-12-16 17:27:58,539
131,47,9,8,66,2022-11-08 19:31:58,2024-04-22 01:30:38,844
132,69,2,7,49,2022-12-07 23:35:17,2023-12-17 07:31:56,1209
133,75,6,3,35,2022-12-24 20:07:21,2023-09-06 23:04:12,3143
134,25,1,7,70,2022-12-13 21:59:16,2023-10-25 09:26:07,1872
135,80,2,2,84,2022-07-20 18:43:59,2024-04-06 08:42:17,4903
136,4,2,7,79,2022-10-03 03:09:43,2023-10-09 14:58:03,2231
137,70,9,3,71,2023-03-15 20:53:10,2024-06-06 12:54:00,3566
138,18,5,6,14,2022-09-10 14:37:36,2024-04-22 20:23:28,3663
139,81,9,8,3,2023-02-06 07:44:50,2023-08-14 03:50:31,662
140,9,10,9,24,2023-05-19 17:50:40,2023-12-21 22:06:51,1758
141,45,6,4,5,2022-10-22 15:07:51,2023-09-08 03:32:30,992
142,20,4,3,87,2023-06-15 07:10:47,2023-08-23 22:16:26,537
143,21,5,2,23,2023-06-20 04:14:35,2024-05-25 18:29:31,4099
144,2,3,4,85,2023-01-20 17:16:03,2024-07-14 20:31:27,1676
145,83,5,10,28,2022-09-05 00:59:25,2024-05-30 01:54:32,1533
146,84,5,9,53,2023-04-01 11:32:32,2024-01-14 02:04:43,2035
147,1,4,7,35,2022-10-19 04:36:52,2023-09-14 14:49:54,4805
148,58,7,10,40,2022-11-23 07:13:06,2024-04-12 12:40:35,4763
149,84,4,3,91,2023-06-13 22:42:25,2023-08-15 18:51:23,757
150,17,1,9,99,2023-03-01 03:55:23,2023-10-30 02:02:14,4442
151,77,10,2,28,2022-08-31 03:11:16,2024-06-16 03:44:53,4444
152,75,2,3,47,2023-05-29 02:53:50,2024-04-28 13:02:50,4364
153,44,5,6,48,2022-12-03 14:57:46,2024-02-06 19:41:21,2403
154,82,4,9,35,2023-04-27 03:31:47,2023-10-23 10:44:17,3123
155,80,1,8,51,2023-06-14 20:48:13,2023-08-09 21:20:47,4001
156,58,1,3,32,2023-04-05 02:48:31,2024-03-13 13:47:06,3653
157,36,3,10,97,2023-06-14 22:34:48,2023-09-29 00:57:18,4529
158,78,7,8,100,2022-09-30 12:11:47,2023-12-14 19:44:26,963
159,48,9,9,1,2023-05-08 16:25:50,2024-03-04 06:01:49,1546
160,2,8,3,65,2022-11-22 10:27:55,2023-07-31 06:12:29,703
161,61,8,9,99,2023-02-24 19:22:47,2023-11-18 11:46:34,2991
162,31,7,1,96,2022-08-27 18:10:49,2023-12-10 07:11:16,4109
163,95,5,5,54,2022-08-22 23:12:01,2024-07-07 02:54:39,1937
164,55,2,3,16,2022-08-29 22:02:47,2024-07-11 00:20:57,2161
165,80,4,7,7,2023-06-15 04:58:39,2023-10-28 03:32:51,2834
166,2,2,9,78,2022-09-24 06:16:14,2023-10-11 10:18:21,4588
167,78,10,8,86,2022-08-28 20:04:51,2023-12-10 18:08:21,3246
168,3,6,10,70,2023-03-19 04:13:33,2024-06-12 18:21:59,4836
169,23,2,9,54,2022-11-03 00:25:39,2024-03-17 16:25:09,4573
170,31,10,3,68,2023-06-27 04:19:52,2024-01-25 08:56:33,3693
171,40,5,4,86,2022-09-15 05:02:35,2024-02-14 11:57:24,883
172,6,3,2,69,2023-01-03 01:47:06,2024-01-17 10:29:19,4610
173,23,6,3,32,2022-07-19 18:26:14,2024-02-17 18:37:43,4268
174,38,3,8,80,2022-12-22 21:47:28,2023-11-17 16:21:54,1255
175,85,5,8,92,2023-06-13 19:59:48,2024-02-04 21:31:33,1642
176,43,9,3,89,2023-03-18 04:24:45,2023-12-28 14:59:05,4504
177,26,9,1,36,2023-01-04 20:10:42,2023-07-20 08:23:06,4621
178,30,4,4,14,2022-12-13 23:31:12,2024-06-18 15:42:51,2329
179,62,4,9,14,2023-01-12 12:26:59,2024-02-09 19:30:24,1399
180,13,6,10,40,2023-04-28 10:36:02,2024-06-30 04:48:39,4885
181,87,6,6,22,2022-12-08 22:40:53,2024-01-21 23:54:22,4978
182,46,7,4,56,2023-04-18 20:37:04,2023-11-07 16:57:40,2081
183,73,2,5,53,2022-07-17 10:12:53,2023-08-21 02:24:44,1979
184,13,1,1,100,2022-08-25 19:55:26,2023-08-19 02:41:30,2658
185,43,6,7,5,2023-01-04 00:27:46,2023-10-07 11:12:42,1809
186,60,6,10,97,2023-03-31 07:52:46,2023-12-20 14:00:42,2925
187,97,4,10,71,2023-01-22 10:39:06,2024-03-24 22:25:23,848
188,25,8,8,63,2023-02-27 01:36:30,2023-10-11 18:01:00,4203
189,10,6,4,76,2023-01-28 06:41:47,2023-11-23 00:03:19,3087
190,52,5,4,4,2023-05-01 07:35:20,2023-09-18 21:58:38,1155
191,12,1,7,34,2023-06-27 03:34:37,2024-03-08 02:17:06,4033
192,61,7,8,23,2022-11-20 11:12:11,2023-10-17 18:43:23,3767
193,24,10,3,3,2023-04-04 09:48:03,2024-02-22 22:52:35,836
194,62,10,4,87,2023-06-23 11:18:27,2024-02-13 03:20:03,1108
195,78,4,6,62,2022-07-23 20:01:26,2024-04-23 21:59:37,3267
196,78,8,3,10,2023-06-26 19:09:59,2024-06-03 17:58:31,4680
197,90,4,7,63,2023-03-19 12:11:24,2024-07-01 03:35:50,1743
198,30,8,9,85,2023-01-06 10:09:50,2024-05-19 19:55:10,1078
199,70,4,2,37,2023-06-01 09:05:28,2024-06-17 06:08:39,1055
200,61,1,3,92,2023-06-21 08:43:09,2024-03-05 08:15:02,4593
201,80,8,7,44,2022-09-14 07:50:59,2023-11-20 05:53:49,1779
202,8,8,6,37,2022-08-05 02:22:42,2024-03-27 09:55:23,1459
203,6,3,8,40,2023-06-16 23:15:43,2023-10-01 09:56:42,4607
204,80,7,10,32,2022-07-21 03:10:39,2023-07-17 20:27:04,3212
205,36,1,1,88,2022-09-27 08:06:53,2023-09-25 06:38:55,3200
206,18,3,9,57,2023-05-09 22:52:21,2023-12-22 11:53:42,3832
207,22,2,7,54,2023-04-17 06:16:21,2024-05-21 06:59:58,2759
208,49,7,10,51,2022-07-18 13:28:05,2024-04-16 00:41:48,3210
209,50,5,8,19,2022-07-20 05:09:51,2024-05-11 10:03:36,2394
210,100,10,6,49,2023-04-20 04:29:54,2023-08-11 12:27:08,3878
211,33,3,7,44,2023-03-13 13:53:19,2024-02-20 08:31:39,3634
212,68,1,2,25,2023-05-10 08:24:56,2023-10-22 08:08:17,4135
213,49,6,9,76,2023-02-15 14:28:22,2024-01-06 03:45:56,563
214,35,1,2,63,2022-11-05 16:22:36,2024-01-24 12:27:25,2748
215,19,7,4,26,2022-10-20 11:01:53,2023-08-28 19:32:19,1131
216,77,3,10,100,2023-04-01 16:42:11,2024-06-17 08:33:56,2626
217,98,9,7,30,2022-08-14 11:48:29,2024-05-31 15:41:57,4086
218,81,1,3,22,2022-11-19 01:55:29,2023-12-17 04:27:32,1212
219,50,3,6,5,2022-09-01 07:51:33,2024-04-17 18:03:48,2104
220,62,7,6,10,2022-09-28 04:22:45,2023-11-13 22:51:36,4340
221,17,5,7,99,2022-07-26 01:52:55,2023-10-07 09:13:44,3240
222,58,8,9,41,2022-09-29 00:19:10,2024-04-09 10:43:48,2827
223,66,5,10,2,2023-01-18 02:22:16,2023-12-29 23:56:47,2482
224,90,2,5,83,2022-12-29 06:46:02,2023-08-05 02:39:46,4828
225,59,2,10,32,2022-11-07 02:00:41,2023-11-01 20:45:03,514
226,13,2,7,63,2022-12-22 16:32:28,2023-08-15 17:12:45,4127
227,32,6,7,55,2022-07-31 09:56:58,2023-12-02 02:58:35,3746
228,66,5,4,36,2023-04-18 01:45:43,2023-12-13 06:03:48,609
229,7,10,5,22,2023-04-17 13:33:19,2023-09-20 11:38:29,3163
230,68,3,10,39,2023-07-10 20:18:01,2023-10-17 19:24:08,1674
231,84,1,6,37,2023-02-22 02:18:13,2023-08-15 00:25:30,2543
232,55,9,6,74,2022-11-09 18:39:29,2023-10-02 12:10:46,2946
233,35,10,10,25,2022-11-26 04:49:47,2024-05-03 15:06:15,1164
234,47,3,6,54,2022-08-02 03:50:52,2024-03-15 17:12:09,4019
235,73,5,8,32,2022-11-28 17:42:23,2023-10-17 23:08:30,2129
236,18,1,8,68,2023-05-27 13:44:58,2024-03-30 19:37:46,3743
237,18,1,9,84,2022-08-09 18:23:18,2024-04-01 14:06:05,4801
238,35,1,9,1,2022-12-19 08:45:11,2023-11-28 12:58:58,3064
239,17,7,8,15,2022-09-25 17:40:11,2024-05-29 13:03:07,3178
240,29,2,9,12,2023-04-02 14:40:15,2023-07-18 02:53:12,4970
241,15,1,3,52,2022-11-03 02:46:14,2023-11-22 04:36:11,1581
242,93,3,9,27,2023-04-04 16:35:47,2024-04-01 19:01:29,3519
243,37,7,6,8,2023-04-28 12:44:02,2023-12-15 01:10:05,1950
244,94,3,7,89,2022-10-14 20:04:46,2024-04-25 04:04:33,4388
245,46,9,9,50,2022-08-07 06:29:10,2024-05-16 16:58:36,1947
246,93,7,7,17,2022-09-11 10:11:17,2024-01-30 01:26:04,972
247,75,5,10,80,2022-12-22 02:11:47,2023-07-25 11:42:50,3588
248,9,9,9,70,2022-09-15 02:49:10,2024-02-26 20:00:09,3662
249,48,4,8,9,2022-08-16 05:29:42,2024-03-07 05:46:15,4323
250,76,4,8,26,2022-09-10 17:37:41,2024-04-14 12:35:54,504
251,6,2,6,50,2023-05-20 21:51:03,2023-08-28 16:18:04,3582
252,17,7,1,5,2023-01-27 00:46:28,2024-03-08 10:41:02,2389
253,27,8,10,53,2022-12-24 03:56:24,2023-10-20 17:04:52,4643
254,79,6,8,90,2023-04-17 17:15:11,2024-04-17 10:55:06,2813
255,6,7,4,52,2022-10-20 06:07:11,2023-12-31 07:45:04,4741
256,12,9,8,28,2023-07-07 22:43:59,2023-10-03 04:51:29,2554
257,12,4,7,56,2023-07-04 17:34:35,2023-07-20 11:23:45,760
258,77,9,5,45,2022-09-16 20:41:45,2024-05-23 17:33:41,4554
259,73,3,9,52,2022-12-21 11:20:54,2024-01-08 04:04:59,4858
260,96,10,10,64,2022-09-21 21:09:56,2024-07-01 13:10:57,4909
261,75,1,3,97,2023-05-08 22:59:06,2024-03-12 01:30:45,1676
262,100,2,9,93,2022-11-18 03:45:59,2023-09-25 11:27:11,1390
263,78,4,2,88,2023-07-07 14:13:10,2024-03-21 14:34:10,1643
264,89,1,5,22,2023-01-14 16:32:34,2023-09-02 04:03:16,4923
265,2,5,2,36,2023-04-12 23:14:46,2023-09-26 11:48:32,4791
266,77,6,9,54,2023-03-11 12:24:48,2024-07-10 03:35:50,3313
267,47,9,8,40,2022-12-26 20:29:22,2024-04-04 14:30:21,4823
268,26,10,5,53,2023-03-10 19:25:36,2023-12-31 02:36:50,907
269,24,2,1,40,2023-06-15 21:00:44,2024-02-12 11:13:46,4650
270,27,10,10,9,2022-07-20 18:06:37,2023-12-05 08:13:58,2882
271,13,1,2,7,2022-10-17 06:11:36,2023-09-04 09:43:14,2263
272,22,1,3,8,2022-11-13 10:00:58,2023-11-29 18:15:01,1909
273,19,4,10,39,2023-02-17 19:58:08,2024-04-14 13:57:01,4973
274,33,1,10,5,2022-08-04 04:35:27,2024-03-14 03:56:20,4631
275,38,1,10,80,2022-07-28 05:03:04,2023-10-06 11:20:41,3070
276,95,6,2,93,2023-04-29 00:02:49,2024-03-30 12:02:25,3149
277,68,10,6,79,2023-06-26 18:10:50,2024-05-28 02:26:05,2754
278,15,7,4,36,2023-03-31 04:50:55,2024-03-17 07:57:12,712
279,79,3,3,60,2022-08-26 19:21:30,2023-09-24 16:04:39,955
280,91,2,1,95,2022-11-28 11:14:58,2024-06-10 13:05:19,857
281,18,3,6,62,2022-10-23 08:15:04,2023-08-28 14:18:34,1134
282,48,8,7,47,2023-05-29 06:51:36,2023-09-13 19:26:08,2566
283,22,7,9,46,2023-04-01 14:23:58,2023-09-20 00:55:04,2320
284,33,7,9,73,2022-09-28 07:17:37,2024-06-12 04:30:28,822
285,21,9,3,6,2022-12-04 06:49:39,2023-11-24 11:37:51,4991
286,70,1,5,27,2023-03-27 01:31:00,2023-11-03 19:16:56,1061
287,34,7,1,100,2023-01-16 05:57:27,2023-12-02 18:43:35,3857
288,71,4,4,76,2022-09-28 22:32:17,2024-01-25 04:20:55,2687
289,20,5,7,7,2023-02-10 09:33:25,2024-04-30 21:54:31,1231
290,48,2,8,52,2022-09-07 09:45:51,2023-12-12 03:14:48,3310
291,1,8,7,33,2023-04-25 01:04:05,2023-11-03 21:31:44,1510
292,68,5,9,42,2023-02-17 18:53:40,2024-05-11 15:00:54,4829
293,77,7,1,43,2022-10-05 07:06:49,2023-10-18 17:58:02,3186
294,97,6,5,78,2023-03-30 16:28:52,2023-10-31 17:33:54,4052
295,37,2,10,36,2023-06-28 14:38:39,2024-01-10 18:36:15,4187
296,99,2,1,3,2023-04-26 08:20:23,2023-08-16 14:18:38,1661
297,11,4,9,29,2023-04-17 21:39:26,2023-09-05 03:31:59,3604
298,46,6,6,67,2023-06-25 05:22:48,2023-07-24 21:40:18,2495
299,52,9,7,47,2023-05-18 23:22:19,2024-03-27 11:04:06,1257
300,60,9,4,80,2023-05-09 09:33:41,2023-08-09 01:57:56,1014
301,100,4,5,32,2023-02-07 08:45:15,2023-07-31 11:53:36,3191
302,7,6,2,32,2023-06-02 23:35:17,2024-04-20 00:15:15,2064
303,35,3,2,37,2023-02-28 19:44:43,2023-10-29 22:09:14,4617
304,51,6,5,43,2022-08-08 09:23:22,2024-01-22 15:16:10,1108
305,52,1,10,65,2023-01-14 22:19:05,2024-05-14 15:35:18,905
306,20,1,2,46,2022-11-08 21:50:12,2024-05-22 17:56:37,2457
307,49,3,6,24,2023-01-12 10:20:30,2023-10-23 22:51:04,2254
308,13,1,1,37,2022-10-26 15:58:20,2023-11-02 22:34:29,708
309,86,10,7,7,2022-10-07 10:01:15,2023-08-30 11:45:13,716
310,49,4,10,48,2023-02-20 03:08:27,2024-04-18 14:27:49,1904
311,73,7,3,36,2023-06-19 11:51:46,2024-02-05 19:37:59,1586
312,56,8,4,63,2022-10-10 03:35:23,2023-10-04 07:39:36,2391
313,76,8,6,54,2023-04-15 19:15:10,2023-10-29 01:04:47,510
314,48,6,6,15,2022-10-20 22:29:15,2024-03-02 16:14:21,1968
315,33,10,1,89,2023-03-21 02:56:10,2024-05-09 13:43:17,2561
316,56,3,5,88,2023-06-13 04:46:29,2024-06-16 04:38:38,3075
317,38,4,7,99,2023-06-15 01:31:16,2024-06-03 05:47:15,1051
318,73,8,9,72,2022-12-05 01:00:52,2024-06-17 08:52:15,4987
319,9,8,4,41,2023-06-23 12:10:47,2024-03-03 21:24:33,3341
320,40,4,6,13,2022-10-07 21:52:35,2023-07-20 07:37:05,986
321,25,1,8,46,2023-01-06 22:16:26,2023-08-08 23:26:04,2733
322,74,1,9,15,2023-07-03 19:30:05,2024-03-06 21:10:50,2164
323,78,9,4,2,2022-09-17 16:22:37,2023-07-21 11:14:56,2554
324,66,3,7,83,2022-11-23 19:56:27,2024-05-13 10:12:43,3674
325,18,7,4,72,2023-02-26 00:29:38,2024-02-23 10:38:35,1349
326,3,2,3,84,2023-07-06 00:07:10,2024-04-04 12:43:26,2324
327,64,3,3,94,2022-09-22 03:59:08,2023-10-17 07:51:36,1166
328,53,6,5,90,2022-12-30 14:36:39,2024-01-15 07:06:02,3010
329,74,3,8,55,2023-02-21 20:31:49,2023-07-23 01:31:30,3612
330,10,6,7,50,2022-12-12 23:32:06,2023-10-24 05:09:56,3845
331,89,2,5,55,2023-03-21 12:00:15,2024-06-25 22:20:45,4125
332,98,6,9,6,2023-04-01 02:26:36,2023-10-08 06:00:30,839
333,95,6,1,55,2022-10-22 00:03:05,2024-01-30 20:43:59,2897
334,35,10,5,5,2022-12-27 13:26:58,2024-01-08 08:01:50,2544
335,68,2,8,47,2023-03-06 16:51:17,2023-08-02 01:16:18,4562
336,68,6,5,10,2023-02-02 00:48:18,2024-01-04 09:57:30,4119
337,46,5,7,72,2022-10-05 05:32:40,2024-01-09 00:40:13,1806
338,94,6,5,99,2022-08-29 16:12:09,2024-06-09 01:11:17,2565
339,61,1,1,69,2022-07-30 04:31:34,2024-02-19 09:09:47,2147
340,46,2,10,40,2023-05-24 14:37:45,2023-08-23 23:12:00,2039
341,29,3,4,71,2023-02-12 12:01:33,2024-02-04 16:01:54,3798
342,69,6,10,38,2023-03-08 09:59:09,2023-12-07 16:32:08,4018
343,28,10,10,51,2023-03-21 15:31:32,2023-10-30 01:41:58,4850
344,31,10,5,18,2023-01-12 20:56:52,2023-08-15 01:14:26,1947
345,60,1,6,86,2023-04-24 23:49:34,2024-04-20 01:37:28,2553
346,14,9,1,92,2023-01-17 23:38:31,2023-09-09 19:28:49,4025
347,96,4,10,39,2022-10-02 16:12:12,2023-11-30 05:29:52,2244
348,60,2,8,10,2023-06-19 22:27:26,2024-04-17 03:16:00,4634
349,82,8,7,24,2023-03-12 15:45:57,2024-05-27 13:52:28,4727
350,21,7,10,16,2023-02-28 02:31:31,2024-04-02 09:43:43,2161
351,64,1,10,22,2022-07-31 00:45:28,2024-04-28 17:15:32,3579
352,35,10,9,35,2022-11-30 03:27:12,2023-10-16 04:06:26,3465
353,53,2,1,10,2022-08-22 20:32:46,2024-06-09 14:31:15,3483
354,63,10,7,27,2022-12-13 06:24:17,2024-02-10 22:59:25,1422
355,63,9,8,100,2023-04-17 14:12:53,2024-01-01 04:07:58,3356
356,77,9,6,36,2023-03-10 10:17:16,2024-06-03 17:27:41,2818
357,46,10,3,62,2023-06-02 04:14:12,2023-09-30 08:27:46,2888
358,67,5,7,63,2023-03-26 11:16:36,2023-12-16 23:20:54,2576
359,5,6,3,40,2022-10-18 21:16:07,2023-08-26 13:06:01,3462
360,60,2,10,47,2022-12-21 10:51:50,2023-11-06 04:51:13,4387
361,55,7,8,85,2022-11-21 20:08:02,2024-07-13 02:50:34,4963
362,74,4,7,17,2023-02-18 04:13:34,2024-04-18 05:18:43,1121
363,80,9,2,23,2023-04-12 08:08:54,2024-05-09 05:12:24,2549
364,4,7,7,52,2023-04-15 18:30:54,2023-10-16 13:33:44,1950
365,28,5,6,17,2022-09-26 05:05:47,2024-01-24 04:40:33,4505
366,1,9,7,31,2023-05-31 00:35:08,2023-11-11 18:52:38,4835
367,21,5,7,78,2022-11-09 07:28:22,2023-08-05 13:47:06,1609
368,98,3,3,62,2022-12-02 20:17:33,2023-12-16 18:32:34,3391
369,74,3,7,16,2023-04-01 09:01:02,2024-03-21 10:05:07,2350
370,52,10,1,12,2022-09-11 07:26:17,2024-02-09 05:35:21,1650
371,76,3,6,2,2023-03-09 01:50:41,2023-11-05 12:01:46,4328
372,73,5,6,15,2022-12-22 19:15:48,2024-03-30 19:40:37,3712
373,68,9,5,58,2023-07-09 15:23:49,2024-03-08 06:31:53,3930
374,4,1,9,62,2022-12-29 10:25:17,2023-07-25 19:02:34,2161
375,99,3,2,70,2023-05-10 06:11:01,2024-05-12 05:45:14,4788
376,1,5,8,4,2022-07-31 23:40:28,2023-08-08 20:17:01,968
377,97,10,4,39,2022-12-06 02:51:43,2023-10-11 23:15:07,964
378,33,7,6,4,2022-08-24 10:35:47,2024-03-16 02:58:27,3042
379,34,9,7,65,2023-03-18 18:18:31,2024-04-04 12:33:17,4748
380,86,6,8,60,2023-01-24 19:25:10,2023-11-15 02:31:21,513
381,79,1,10,19,2022-10-31 11:17:30,2024-06-17 19:42:56,2087
382,81,1,1,25,2023-01-09 07:41:19,2024-06-01 19:40:18,4470
383,17,4,3,15,2022-07-25 17:01:43,2023-09-11 04:43:04,4026
384,93,1,3,11,2023-03-26 21:11:05,2024-03-28 18:21:40,4025
385,86,5,8,7,2023-07-15 07:17:57,2023-12-05 05:44:55,2935
386,71,8,10,12,2022-09-06 02:51:45,2023-11-29 03:08:33,4508
387,53,9,6,63,2022-11-06 08:58:52,2024-02-28 02:59:04,2870
388,35,5,10,71,2022-10-08 10:23:53,2024-06-30 04:47:11,4362
389,33,7,2,77,2023-03-13 19:08:36,2024-05-25 14:17:04,3585
390,18,6,2,96,2022-08-19 12:16:06,2024-02-23 09:53:14,4514
391,33,5,6,78,2022-12-27 02:17:54,2024-01-23 10:59:07,2290
392,78,1,5,61,2022-10-21 04:10:39,2023-12-27 12:09:47,4230
393,24,8,1,74,2022-07-28 09:35:00,2023-11-25 20:21:09,2131
394,44,10,1,39,2023-01-03 09:29:21,2023-08-14 21:14:20,3036
395,100,9,9,55,2023-04-23 23:17:59,2023-07-23 11:42:54,4627
396,16,8,4,99,2023-03-31 17:48:23,2023-10-09 07:06:21,693
397,49,2,8,41,2022-12-04 17:52:50,2023-10-22 14:26:27,2298
398,92,10,6,4,2023-02-11 03:57:57,2024-02-22 22:14:48,1995
399,78,4,8,24,2022-08-07 21:26:35,2024-03-29 03:18:47,2718
400,27,9,10,99,2022-09-16 22:45:30,2023-10-03 15:49:16,1020
401,97,2,1,85,2023-02-01 21:12:20,2024-04-23 12:05:35,688
402,97,5,2,63,2023-03-01 23:11:52,2023-12-12 00:25:32,2914
403,6,3,5,66,2023-01-06 08:07:40,2024-06-08 15:42:55,4879
404,47,5,1,68,2022-11-06 11:06:53,2024-04-28 08:32:49,4389
405,73,4,6,82,2023-01-13 18:37:05,2024-05-19 19:46:09,3370
406,34,10,7,96,2022-12-11 10:34:40,2024-04-18 08:42:10,2524
407,63,6,8,10,2023-01-07 08:45:28,2023-09-08 16:57:32,4831
408,29,8,1,52,2022-11-16 13:42:12,2023-11-01 05:43:42,665
409,3,1,6,11,2023-04-27 13:31:38,2024-02-12 21:50:48,2459
410,2,8,7,2,2022-12-09 22:47:34,2024-06-04 10:48:32,4875
411,40,7,8,20,2022-09-24 08:15:38,2024-03-04 20:39:35,2566
412,30,2,5,85,2022-08-05 21:21:53,2024-06-11 01:39:00,3518
413,95,1,1,95,2022-08-30 23:17:42,2023-10-08 03:29:33,3238
414,64,8,7,20,2022-10-19 02:54:24,2023-08-23 06:14:46,4384
415,91,7,3,28,2023-04-19 13:34:55,2024-03-11 12:12:23,4062
416,86,8,9,65,2022-11-25 22:13:20,2024-05-12 15:41:25,3432
417,4,8,7,24,2022-07-24 04:46:53,2024-01-28 03:34:52,2940
418,21,1,6,71,2023-01-19 14:28:09,2023-11-17 20:01:21,4817
419,6,4,3,47,2022-10-03 21:00:39,2024-04-06 15:32:18,719
420,7,10,6,42,2023-04-26 06:26:04,2023-12-22 01:55:04,2932
421,75,7,10,24,2023-03-08 17:28:22,2023-07-30 05:42:10,3840
422,33,7,6,10,2022-12-20 04:07:16,2024-02-16 17:47:13,4769
423,18,1,10,18,2023-04-12 06:02:17,2024-01-15 05:52:31,4329
424,42,4,6,3,2022-10-28 10:52:51,2024-05-27 16:00:13,3370
425,96,1,9,30,2023-02-16 09:42:06,2024-03-18 19:35:18,4823
426,46,9,10,34,2022-11-13 16:00:30,2023-07-25 21:29:09,3351
427,60,7,1,45,2022-08-23 01:58:07,2023-09-23 15:59:43,1537
428,14,7,2,94,2023-04-29 15:18:12,2024-01-08 18:24:11,3922
429,68,1,8,6,2022-10-27 04:25:19,2024-01-23 02:24:24,3785
430,29,3,2,59,2022-08-16 09:14:02,2023-09-06 15:45:07,2972
431,42,7,8,51,2023-02-02 01:41:50,2024-02-09 04:24:46,1219
432,29,10,5,82,2022-08-08 09:58:02,2024-01-23 06:39:23,1104
433,10,7,3,3,2023-03-09 19:58:35,2023-08-15 13:51:57,4112
434,39,5,4,80,2022-11-25 14:27:14,2023-12-16 07:30:32,4458
435,70,4,8,24,2023-02-21 04:46:29,2024-03-01 13:49:57,1319
436,1,3,7,47,2023-03-02 08:43:06,2023-09-01 16:49:27,3991
437,2,6,9,80,2023-05-17 08:52:54,2024-01-30 20:39:20,1528
438,76,8,9,57,2022-08-31 01:50:16,2024-05-18 22:22:23,1176
439,45,5,4,73,2022-12-04 22:34:56,2023-09-28 23:21:20,4252
440,88,10,4,2,2022-12-27 07:08:36,2024-02-20 05:15:31,1635
441,23,7,4,19,2023-01-05 12:27:53,2024-04-25 14:37:34,4679
442,41,4,1,14,2023-06-04 21:22:39,2024-07-08 17:31:42,2304
443,24,9,8,88,2023-01-13 04:52:48,2023-12-27 16:53:11,2611
444,44,8,7,97,2022-12-30 02:03:13,2023-12-17 11:35:56,812
445,42,9,7,7,2023-02-14 04:53:11,2024-01-07 06:54:46,3710
446,83,9,3,90,2022-12-08 03:46:17,2024-02-23 03:37:32,1809
447,36,5,8,3,2023-03-19 10:20:24,2024-05-14 18:17:26,4251
448,73,3,9,15,2022-09-28 12:59:55,2024-05-08 22:11:06,1447
449,23,2,6,57,2022-08-18 18:12:08,2024-05-02 10:40:35,2778
450,38,4,1,20,2023-07-06 07:29:35,2023-12-27 01:00:04,2448
451,13,6,1,2,2023-01-05 05:32:38,2023-11-06 14:00:29,2978
452,48,6,2,21,2023-03-15 14:26:41,2024-04-28 08:19:34,2300
453,29,5,4,13,2022-07-27 20:34:42,2023-12-18 02:45:26,1829
454,7,6,8,100,2022-11-29 18:17:06,2024-04-28 19:07:11,1662
455,97,1,10,86,2022-12-20 09:41:48,2024-03-28 07:54:58,2007
456,99,5,9,72,2023-04-20 06:17:27,2024-07-02 16:33:20,2743
457,37,8,7,78,2022-09-01 01:12:35,2023-09-11 10:03:08,1627
458,13,6,8,13,2022-10-04 00:04:15,2023-08-30 00:57:49,518
459,13,6,8,54,2023-04-24 19:24:28,2023-11-22 12:27:42,4764
460,59,9,5,40,2023-01-24 01:03:47,2023-11-02 01:55:53,2913
461,4,6,3,74,2023-03-31 03:12:39,2023-11-16 09:39:20,1210
462,18,5,10,73,2022-07-16 03:30:06,2023-08-26 14:31:03,2240
463,8,9,5,28,2022-08-05 14:57:43,2023-08-20 10:32:29,4362
464,10,3,9,15,2023-01-10 18:01:53,2023-11-22 14:45:12,1467
465,6,8,1,30,2023-06-03 08:05:05,2024-02-23 09:09:59,3086
466,8,6,8,7,2022-10-14 15:07:49,2024-04-21 03:28:37,3188
467,20,9,7,100,2022-12-18 12:11:46,2023-08-03 02:19:14,3696
468,69,10,2,64,2023-03-26 00:18:44,2023-10-24 09:40:19,4387
469,98,9,9,14,2023-05-22 14:50:54,2023-07-22 21:27:22,4404
470,74,9,3,38,2022-08-03 02:46:22,2024-05-28 20:27:48,4903
471,52,10,8,44,2023-07-09 08:28:54,2023-12-15 09:03:02,2690
472,77,4,2,40,2022-12-02 11:03:18,2024-02-24 14:26:36,4161
473,4,7,1,9,2022-11-12 19:30:31,2024-06-24 16:26:06,2920
474,46,4,3,34,2023-04-13 03:32:24,2024-01-30 17:57:16,848
475,8,3,4,22,2022-10-14 08:07:01,2024-01-08 19:27:22,2950
476,84,2,10,65,2022-10-26 09:29:34,2024-04-23 10:27:57,2715
477,3,8,1,97,2022-09-18 15:10:08,2024-03-15 22:49:44,2835
478,68,8,1,23,2022-11-26 03:20:34,2023-07-23 20:54:10,863
479,92,5,5,54,2023-07-07 11:51:25,2024-03-21 12:24:39,3396
480,21,3,3,23,2023-03-24 13:13:27,2023-08-30 05:00:26,2071
481,65,2,1,43,2022-10-31 07:31:19,2023-09-17 21:41:18,4674
482,24,7,9,94,2022-12-14 03:10:07,2023-09-10 17:23:09,2490
483,68,3,2,84,2023-02-09 05:10:43,2024-06-14 20:16:03,4483
484,38,9,10,75,2023-02-07 15:11:40,2024-05-02 11:44:16,995
485,24,9,4,26,2022-12-18 18:09:24,2023-10-17 14:06:42,2537
486,12,2,8,10,2023-05-09 00:13:49,2024-06-16 01:25:56,3770
487,23,6,2,77,2023-04-10 05:44:48,2024-04-14 18:20:33,4058
488,18,9,1,98,2023-06-21 19:04:59,2024-06-02 02:57:25,1148
489,46,4,9,54,2022-10-28 19:48:42,2023-11-22 09:16:49,3581
490,84,8,1,72,2023-02-18 17:48:27,2024-04-13 08:23:15,2976
491,57,4,10,97,2023-01-06 03:45:10,2023-11-24 12:32:20,2116
492,58,6,8,26,2023-04-22 21:32:01,2023-10-22 17:25:15,3445
493,59,10,8,69,2023-04-19 01:18:12,2023-12-06 06:16:07,1121
494,8,6,4,76,2023-03-06 16:05:47,2023-09-06 23:29:59,1045
495,67,2,1,73,2023-05-20 21:04:38,2024-05-15 05:43:55,1215
496,20,2,10,38,2022-09-26 04:18:28,2024-07-01 01:19:38,2792
497,77,6,4,6,2022-09-06 04:14:12,2023-08-18 06:48:36,1938
498,64,9,1,66,2022-09-15 12:17:37,2024-05-06 06:18:59,4136
499,92,4,2,17,2022-10-01 10:14:21,2024-06-17 02:58:13,4494
500,7,9,2,60,2022-09-16 01:10:26,2023-08-05 13:17:47,1292
501,97,10,7,98,2022-09-22 23:07:35,2024-02-14 22:49:38,4828
502,5,8,4,15,2023-06-06 22:51:15,2024-02-28 13:46:24,2541
503,24,2,10,36,2023-07-02 04:03:19,2024-02-19 20:09:38,733
504,83,1,1,56,2022-08-30 19:50:40,2024-02-27 00:07:27,1618
505,58,9,2,69,2023-06-22 17:52:18,2024-03-03 03:34:05,1111
506,97,3,8,4,2022-11-02 09:04:08,2024-02-29 20:20:18,2622
507,75,9,2,93,2022-08-20 04:35:49,2024-04-09 05:08:28,4264
508,100,9,10,99,2023-05-30 22:30:19,2024-05-13 06:17:46,1538
509,61,8,4,6,2022-09-19 11:42:47,2023-11-25 05:32:59,1408
510,67,4,9,30,2022-11-23 18:17:20,2023-10-19 03:16:42,2816
511,51,2,6,37,2023-06-22 17:17:53,2023-12-29 10:09:14,2576
512,54,6,2,97,2022-07-22 11:45:07,2024-02-01 19:37:42,1590
513,92,1,10,24,2022-12-04 17:33:33,2024-07-10 05:01:35,1111
514,20,6,1,69,2023-07-04 04:37:36,2023-10-23 00:39:12,741
515,37,6,8,58,2022-08-16 11:46:24,2023-12-09 18:08:39,2550
516,93,4,6,11,2022-11-09 08:48:50,2023-09-25 11:19:11,3575
517,41,2,10,69,2023-01-17 18:14:38,2024-02-24 10:23:10,642
518,72,6,3,70,2022-08-19 00:15:24,2023-07-23 23:43:37,954
519,87,9,9,72,2023-01-02 18:51:51,2024-05-01 15:43:28,2447
520,10,3,5,21,2023-03-22 18:34:38,2024-02-06 07:00:44,2487
521,24,10,8,72,2022-09-22 20:25:07,2024-06-19 06:34:46,752
522,74,3,10,77,2023-07-14 20:42:34,2023-09-03 13:52:46,1647
523,21,2,7,63,2023-01-02 01:38:24,2024-06-07 23:42:23,506
524,29,3,8,28,2023-06-12 01:14:37,2024-01-14 10:48:31,2313
525,71,2,2,74,2022-10-03 04:32:04,2023-11-26 22:25:21,2164
526,13,6,9,28,2022-09-08 02:03:50,2024-03-11 10:19:41,2632
527,41,4,2,50,2022-09-10 20:24:16,2024-03-29 13:39:19,1204
528,59,10,2,12,2023-05-23 20:32:12,2023-10-11 01:28:38,3753
529,14,2,6,1,2023-06-27 09:39:10,2023-09-08 05:15:29,4652
530,64,9,4,84,2023-01-03 06:34:54,2023-12-07 11:07:01,4825
531,38,5,9,43,2022-10-03 06:54:25,2023-07-29 19:16:15,4015
532,95,4,7,99,2023-02-25 03:07:52,2023-09-10 06:54:54,4510
533,99,5,5,13,2022-08-29 14:23:20,2023-09-25 19:04:55,3719
534,47,8,3,86,2023-03-08 18:26:34,2023-10-10 01:18:32,1726
535,87,7,8,47,2022-11-11 02:37:27,2023-07-31 11:08:43,4192
536,17,6,2,38,2022-12-07 23:14:59,2024-07-14 09:06:57,963
537,96,2,4,92,2023-03-15 11:04:05,2024-02-10 06:17:06,4711
538,97,2,2,10,2023-03-28 16:31:49,2024-05-11 18:44:56,4251
539,20,1,10,12,2023-03-22 15:45:39,2024-01-12 09:09:05,4678
540,11,7,5,52,2023-04-04 00:00:04,2023-09-09 19:28:19,1652
541,62,7,8,19,2022-11-14 14:54:55,2024-04-07 21:53:41,2683
542,5,5,1,35,2023-04-04 04:28:41,2024-03-22 14:22:45,572
543,90,3,8,5,2023-06-28 08:18:36,2023-09-14 22:09:53,3063
544,67,7,9,98,2022-12-21 03:42:34,2024-04-14 09:33:58,4525
545,68,8,9,43,2022-08-22 23:16:58,2023-11-23 04:32:31,773
546,65,2,6,78,2023-04-22 06:37:29,2023-11-18 12:14:20,1835
547,42,5,9,45,2022-12-09 16:08:56,2024-02-10 01:50:17,2017
548,76,4,3,44,2023-05-03 15:48:50,2023-12-31 15:42:28,2420
549,13,2,5,67,2022-10-17 16:53:43,2023-10-09 02:21:01,3060
550,51,9,8,57,2023-03-06 02:06:45,2023-10-22 08:10:30,3709
551,62,6,8,79,2023-02-24 16:01:15,2023-08-14 18:10:25,1884
552,93,6,3,60,2023-03-22 19:37:21,2023-10-13 00:50:19,2654
553,79,1,7,13,2022-09-27 10:47:12,2024-01-08 16:33:13,1018
554,29,3,2,5,2022-07-25 23:29:35,2024-06-27 14:26:53,4093
555,16,5,3,35,2023-01-11 08:46:13,2023-11-28 11:16:58,3758
556,80,2,3,14,2023-03-14 12:12:20,2023-08-05 18:21:16,4427
557,26,1,8,82,2023-05-04 12:32:26,2023-07-28 08:22:27,3338
558,34,2,1,88,2022-07-23 01:22:48,2023-08-03 18:27:39,2862
559,23,8,1,47,2022-11-14 11:17:34,2023-12-06 07:32:36,4433
560,80,1,5,70,2022-12-25 11:57:11,2024-05-23 17:46:44,1769
561,61,5,3,18,2023-02-13 01:32:45,2024-05-05 23:41:12,4371
562,79,1,7,13,2023-06-06 01:50:17,2024-06-09 23:38:10,1783
563,61,10,7,86,2023-01-20 12:55:58,2024-07-04 23:24:42,726
564,10,5,4,65,2023-02-05 00:53:11,2023-11-08 15:30:39,2200
565,39,3,6,45,2023-06-20 16:58:04,2023-11-25 21:25:28,4864
566,7,7,1,55,2023-01-18 12:07:23,2024-05-12 13:15:23,3081
567,75,9,5,90,2022-09-18 05:27:44,2023-12-06 21:08:59,3713
568,63,5,1,20,2022-11-18 21:40:47,2023-11-08 00:56:25,4295
569,67,1,7,85,2022-11-28 16:17:08,2023-08-11 16:28:50,1461
570,82,3,1,88,2023-05-13 15:20:01,2023-10-16 06:44:24,2240
571,32,10,3,4,2022-09-14 23:38:51,2023-10-18 22:50:34,1470
572,1,6,7,59,2023-02-16 03:18:50,2023-11-27 16:26:16,3653
573,17,9,3,37,2022-12-03 09:58:57,2024-05-25 21:26:19,1337
574,77,7,7,51,2022-11-12 19:31:16,2024-06-13 20:40:22,2862
575,69,4,8,34,2022-07-24 10:19:12,2024-03-21 06:19:30,1591
576,8,8,2,83,2022-10-10 01:47:21,2023-07-19 19:47:35,1080
577,85,6,8,39,2023-06-19 09:49:33,2024-06-05 22:24:37,3130
578,80,7,10,91,2022-10-16 21:28:09,2023-10-20 03:04:14,3770
579,62,5,7,46,2022-07-23 08:25:17,2024-02-23 09:23:29,3937
580,84,8,1,65,2023-06-20 02:32:38,2023-10-11 13:45:14,1060
581,48,2,9,20,2022-12-01 16:05:02,2024-03-22 16:23:07,961
582,46,7,7,60,2023-07-04 09:37:10,2023-09-05 23:07:05,1920
583,30,8,6,32,2023-06-30 19:12:29,2023-08-20 22:11:07,2967
584,24,10,3,60,2023-02-28 03:17:12,2023-12-02 11:04:08,4075
585,5,2,3,81,2023-05-12 11:03:51,2023-08-10 02:09:03,4549
586,69,5,9,65,2023-04-17 00:06:22,2023-09-01 21:02:45,643
587,54,2,4,12,2022-09-23 18:07:02,2023-11-20 19:22:08,3110
588,75,9,1,90,2023-01-16 23:56:30,2023-08-06 05:16:38,4350
589,57,6,1,84,2022-07-30 23:14:17,2024-05-13 21:17:07,528
590,65,1,9,24,2023-03-19 22:52:29,2024-06-24 13:08:30,934
591,25,8,2,28,2022-08-07 04:36:43,2024-06-23 02:21:08,4386
592,88,3,7,69,2023-05-17 11:52:55,2023-11-17 04:13:04,3052
593,13,9,6,49,2023-02-16 00:15:52,2024-07-14 12:47:51,725
594,49,1,6,53,2023-05-21 10:20:09,2024-01-28 20:06:30,4037
595,98,1,5,5,2022-11-30 01:49:38,2023-12-21 03:24:22,4634
596,99,10,3,62,2022-07-28 17:48:56,2024-01-18 15:11:55,4937
597,13,1,10,12,2022-08-10 21:50:59,2024-06-15 09:49:48,1534
598,36,8,5,24,2022-07-24 07:46:48,2024-04-05 05:00:53,4719
599,53,9,9,64,2023-01-01 20:53:12,2024-03-14 02:39:13,4411
600,75,2,2,8,2023-06-26 21:12:11,2024-06-20 21:59:34,1634
601,56,8,10,69,2022-12-06 12:05:37,2023-09-02 07:39:35,2334
602,34,6,4,68,2022-12-29 05:21:07,2024-06-01 04:59:06,2356
603,74,7,9,18,2023-03-13 00:23:45,2023-09-17 06:20:57,3815
604,71,6,2,94,2022-10-25 05:18:40,2024-04-19 11:26:02,3076
605,23,1,5,72,2022-12-17 15:43:37,2024-05-06 12:54:56,4524
606,12,4,10,72,2023-01-22 20:49:24,2024-05-24 15:20:31,4684
607,39,8,1,40,2022-10-10 09:01:45,2024-02-01 08:33:43,4514
608,76,6,6,86,2022-09-26 14:52:48,2023-12-16 11:11:56,2588
609,36,8,6,14,2023-01-17 10:34:31,2023-09-26 10:48:35,3569
610,67,10,8,24,2022-07-22 02:19:15,2024-07-02 06:37:46,3800
611,78,3,6,31,2023-07-13 03:50:05,2023-07-15 22:39:33,1178
612,26,1,7,28,2022-11-23 20:43:33,2023-07-24 16:38:48,2563
613,78,9,5,55,2023-03-24 14:30:13,2024-01-24 07:20:51,600
614,73,8,7,52,2023-05-19 02:58:42,2024-03-07 22:41:36,2949
615,87,8,4,7,2022-07-31 13:58:59,2024-05-24 02:57:17,3372
616,41,3,5,61,2023-03-06 21:48:19,2024-05-31 09:40:17,1972
617,11,4,9,6,2022-12-29 03:32:57,2024-01-20 09:24:52,2477
618,68,9,9,19,2022-09-18 13:20:48,2023-11-24 05:34:31,2773
619,32,10,10,99,2023-06-18 23:23:29,2023-11-02 12:17:37,1023
620,28,8,2,53,2022-10-26 19:39:58,2024-02-29 12:12:45,3142
621,80,9,5,48,2023-06-26 21:41:25,2024-02-19 04:27:10,3737
622,36,7,9,57,2023-06-22 00:28:11,2023-10-03 14:46:30,785
623,59,8,7,49,2023-01-12 23:23:09,2024-01-15 06:31:29,3011
624,85,3,10,4,2022-10-13 00:46:51,2024-05-03 01:05:30,3311
625,81,9,8,97,2022-08-26 04:44:52,2024-05-23 03:21:37,3739
626,38,6,6,62,2023-06-27 14:28:05,2024-02-12 01:44:06,1066
627,45,6,1,24,2023-03-07 02:15:22,2024-04-14 13:06:29,1969
628,75,2,9,95,2022-10-30 13:04:03,2024-06-10 15:17:32,2269
629,29,1,3,36,2023-05-30 05:02:33,2024-03-23 15:33:11,2251
630,80,4,6,95,2023-02-27 04:23:21,2024-04-13 09:25:09,684
631,82,10,4,62,2022-10-12 19:19:05,2023-12-21 13:35:22,2299
632,59,2,6,51,2022-12-10 03:24:21,2024-05-03 14:24:45,3833
633,6,5,2,29,2023-05-10 22:18:53,2023-12-18 08:44:44,4373
634,100,6,7,53,2022-10-19 02:52:18,2023-09-26 09:49:52,4743
635,48,2,7,23,2022-08-08 16:53:07,2024-06-17 14:46:00,2484
636,34,8,6,60,2022-09-11 08:56:33,2024-06-05 22:47:08,2938
637,83,6,8,98,2023-03-17 11:43:04,2024-03-31 00:03:52,872
638,32,3,6,33,2023-03-24 04:58:26,2024-04-25 09:55:46,2632
639,62,6,10,48,2023-01-13 12:54:09,2024-02-07 18:29:39,4865
640,14,1,1,51,2022-07-23 12:55:38,2024-05-27 21:29:24,3505
641,21,2,4,14,2023-07-04 19:52:35,2023-11-17 22:45:36,2128
642,36,10,3,65,2022-11-29 12:50:17,2023-08-18 06:40:06,1298
643,1,8,7,11,2023-02-05 11:36:42,2023-12-22 12:46:40,1723
644,68,2,9,91,2023-06-17 11:06:47,2024-05-24 02:07:34,1368
645,36,2,3,43,2023-05-14 18:25:19,2023-09-29 23:29:28,668
646,84,10,8,52,2023-01-04 22:48:19,2024-03-29 03:42:07,3227
647,80,5,5,85,2022-12-24 10:22:35,2024-04-21 01:05:20,4296
648,83,3,7,80,2023-05-16 23:52:42,2023-08-28 15:46:00,1787
649,44,4,5,37,2022-09-10 19:09:41,2024-05-07 05:55:49,4856
650,94,8,4,54,2023-02-13 23:39:18,2023-10-22 17:27:19,3713
651,2,4,1,25,2023-07-12 13:14:08,2024-02-05 22:09:05,2128
652,88,2,2,58,2022-11-13 10:01:11,2023-09-01 06:02:22,893
653,31,4,6,82,2022-09-12 08:15:17,2024-04-21 18:21:54,4283
654,97,3,6,25,2022-11-24 03:45:02,2023-11-06 15:54:46,2894
655,52,5,5,21,2023-01-31 08:14:56,2024-03-28 19:05:16,2365
656,92,2,1,14,2023-04-30 13:27:44,2024-06-14 01:01:50,3409
657,93,3,7,33,2023-02-08 06:39:27,2023-10-29 19:50:03,606
658,53,4,10,48,2022-10-01 23:41:02,2023-10-08 03:45:08,3499
659,4,7,10,28,2023-01-26 12:57:36,2023-09-12 17:39:05,2241
660,92,9,4,86,2023-06-18 14:40:38,2023-07-23 17:57:43,3433
661,35,2,10,9,2023-02-08 19:59:29,2024-05-14 03:25:55,2676
662,13,3,4,55,2022-08-11 00:48:40,2024-01-23 12:53:09,2948
663,50,1,10,7,2022-07-19 23:12:50,2023-11-01 21:38:06,882
664,76,5,7,48,2023-03-18 01:46:22,2024-01-17 00:42:59,1831
665,19,4,5,13,2022-10-17 07:16:30,2024-06-23 10:23:20,2829
666,90,1,7,28,2023-04-22 15:06:30,2024-05-09 05:37:07,1697
667,9,10,9,59,2023-07-01 10:31:41,2024-04-01 01:31:01,2639
668,76,2,2,36,2022-10-13 21:37:36,2023-09-18 16:02:13,1362
669,69,3,7,56,2023-01-03 14:04:14,2023-10-03 15:25:43,3618
670,76,10,5,77,2022-08-25 01:24:40,2023-07-24 01:22:55,4046
671,54,4,1,4,2023-02-13 14:45:57,2023-08-29 05:57:31,860
672,58,7,2,35,2023-04-10 09:34:45,2023-10-05 09:40:19,2932
673,81,2,3,43,2022-10-21 09:02:50,2023-12-04 21:12:49,4300
674,78,6,3,5,2023-03-14 14:57:15,2023-09-24 07:55:43,1559
675,11,6,9,53,2023-05-18 19:09:57,2024-01-19 18:26:22,1592
676,86,1,3,21,2022-12-06 09:36:04,2024-06-07 06:17:45,1069
677,4,7,7,84,2023-03-30 14:21:04,2024-04-23 16:19:41,3888
678,72,1,9,26,2023-06-07 19:14:28,2024-01-02 14:24:11,4765
679,97,7,9,65,2023-03-25 07:40:54,2024-05-30 16:21:34,4992
680,40,2,7,78,2022-11-22 17:08:44,2023-09-14 14:26:02,905
681,65,2,5,20,2023-03-06 09:52:34,2024-02-23 14:21:03,2919
682,93,1,8,14,2023-07-11 16:44:50,2024-06-07 04:45:03,4877
683,37,10,2,52,2023-01-01 09:24:46,2024-02-06 10:24:39,597
684,70,8,10,22,2023-01-01 10:59:24,2024-06-12 15:57:13,1379
685,5,7,1,74,2022-12-03 05:14:26,2024-04-04 07:14:01,1816
686,63,5,7,38,2022-09-24 17:27:00,2023-08-23 18:20:33,1549
687,23,6,2,93,2022-09-11 02:29:54,2024-04-20 04:06:46,1094
688,46,9,1,78,2023-03-03 12:28:18,2023-08-26 23:12:40,2022
689,2,6,6,90,2023-07-02 16:45:20,2024-01-09 05:36:55,4130
690,52,7,1,53,2023-02-08 08:19:31,2024-04-16 04:56:10,632
691,33,6,5,74,2022-08-17 20:17:53,2023-10-13 14:09:25,2574
692,79,10,5,58,2023-06-05 08:42:50,2023-11-01 17:15:39,3915
693,47,4,5,94,2022-12-02 22:35:05,2024-01-12 08:01:07,663
694,11,4,2,71,2022-11-29 11:48:42,2023-09-16 15:30:46,3962
695,79,8,5,20,2022-07-17 15:48:10,2023-12-15 04:39:18,4753
696,5,7,10,86,2023-02-22 06:42:06,2024-05-21 07:54:56,3997
697,70,3,10,25,2022-12-23 15:46:30,2023-09-21 01:57:40,3889
698,39,9,1,61,2022-12-26 20:34:35,2024-01-15 01:44:31,4331
699,60,7,6,11,2022-10-22 00:43:38,2024-03-02 01:57:10,4044
700,75,8,5,54,2022-11-27 12:28:26,2024-05-22 11:29:06,2552
701,91,2,2,5,2023-01-08 22:58:02,2024-01-11 00:58:37,4565
702,47,5,9,77,2023-02-10 04:50:15,2023-10-08 18:38:59,4041
703,56,6,3,38,2023-02-03 13:58:52,2024-05-15 05:38:54,4402
704,85,10,3,69,2022-12-14 09:00:57,2024-07-07 15:58:10,3422
705,43,2,2,69,2023-04-13 05:10:24,2024-04-13 22:51:48,987
706,85,3,10,60,2022-08-30 03:01:25,2024-01-01 11:47:08,4558
707,56,7,3,24,2023-01-02 18:31:28,2024-05-22 22:34:51,1688
708,72,3,6,54,2022-11-09 23:08:11,2024-04-26 17:47:17,3444
709,4,6,6,92,2022-10-24 15:02:27,2024-06-03 18:23:18,1013
710,99,8,1,13,2022-07-30 05:54:23,2024-04-20 09:27:19,2904
711,79,4,3,27,2022-07-27 21:15:41,2024-07-04 00:57:59,2600
712,43,4,5,40,2022-11-23 06:35:16,2024-02-04 04:54:44,1587
713,75,5,9,65,2023-05-10 01:13:36,2023-09-28 20:47:26,1823
714,68,7,9,92,2023-07-11 22:02:08,2023-10-06 02:40:36,1164
715,4,4,4,31,2023-06-22 15:09:32,2023-07-20 08:34:27,1729
716,74,2,1,42,2022-11-07 04:48:21,2023-08-06 17:00:36,1712
717,52,1,4,89,2023-03-21 17:35:48,2023-10-25 20:47:08,2963
718,45,10,1,23,2022-10-02 13:52:17,2023-12-12 05:01:37,3999
719,91,1,2,28,2023-06-07 14:01:00,2024-05-29 12:53:48,3271
720,34,10,7,45,2022-12-28 11:04:07,2023-11-26 00:56:46,3917
721,45,4,6,97,2022-10-19 09:27:25,2024-03-30 06:56:57,3062
722,18,8,3,25,2022-10-31 04:28:50,2024-05-08 02:41:41,4045
723,18,5,7,78,2022-09-26 15:53:53,2023-09-08 00:50:23,591
724,42,9,10,58,2023-03-23 23:49:54,2023-10-04 01:32:36,2885
725,73,1,7,71,2023-02-09 01:16:04,2024-02-18 06:09:17,2789
726,1,9,3,4,2023-01-01 13:28:09,2023-08-18 19:20:11,2074
727,67,7,5,65,2023-05-05 00:25:55,2023-11-29 19:25:17,954
728,27,5,5,31,2022-12-27 22:16:52,2024-06-01 19:17:57,2026
729,16,3,4,65,2023-03-06 06:17:33,2023-11-25 21:50:37,3681
730,33,1,3,13,2023-06-29 19:21:41,2023-08-21 04:57:10,3737
731,11,4,2,5,2023-07-05 04:24:22,2023-09-03 02:16:05,1892
732,49,4,6,20,2023-02-16 14:48:12,2023-11-06 16:51:08,701
733,35,7,2,7,2023-07-14 22:19:11,2024-05-25 05:16:53,3202
734,78,5,8,100,2023-01-24 10:29:13,2024-04-18 14:19:26,3333
735,3,5,7,75,2023-07-13 14:01:30,2024-04-29 08:20:05,4111
736,8,3,1,87,2022-11-25 00:22:55,2024-03-25 20:22:41,2803
737,74,1,2,15,2023-06-13 19:40:53,2024-02-05 18:04:19,3041
738,14,9,8,20,2023-02-22 10:51:41,2024-05-13 06:45:23,4230
739,38,10,9,48,2022-07-31 05:51:31,2024-06-06 08:00:47,4833
740,39,5,5,44,2022-08-20 02:37:20,2024-01-20 23:08:03,769
741,47,10,6,14,2023-01-20 00:19:21,2023-07-28 12:27:24,3092
742,6,6,5,96,2023-04-24 23:56:07,2023-10-31 14:28:37,3259
743,50,6,5,94,2022-11-27 14:10:14,2023-11-11 19:02:57,2410
744,76,9,3,76,2023-06-14 23:19:44,2023-10-01 05:06:47,1678
745,45,2,1,9,2023-05-03 10:53:22,2023-07-25 20:51:27,3375
746,84,5,8,62,2023-04-26 13:32:34,2024-04-17 12:20:48,4162
747,63,1,6,67,2023-05-15 14:16:36,2024-06-05 18:58:49,1860
748,41,9,5,60,2023-02-09 05:45:14,2024-03-15 16:32:02,1738
749,15,5,9,49,2023-05-24 08:49:47,2023-10-16 05:27:25,2937
750,90,10,4,72,2023-02-21 15:16:14,2023-09-11 15:20:38,4422
751,56,5,6,6,2023-02-16 21:51:47,2023-10-24 17:45:32,4080
752,27,5,2,94,2022-08-13 04:17:33,2023-10-24 19:44:54,3923
753,53,2,9,62,2023-03-30 09:13:32,2023-08-28 12:21:43,4697
754,74,9,8,83,2023-06-11 03:36:41,2024-01-19 16:41:39,4368
755,54,6,5,35,2023-02-14 08:52:25,2023-10-27 04:15:18,3669
756,1,1,3,94,2022-12-17 19:37:21,2023-11-26 06:01:27,3799
757,96,9,7,40,2023-03-22 04:19:06,2024-03-12 19:09:01,4772
758,59,10,1,40,2022-12-05 19:43:18,2024-02-03 14:49:16,3523
759,33,2,9,24,2023-04-11 04:29:02,2023-10-25 07:16:19,2402
760,2,2,3,89,2023-03-11 14:10:43,2024-05-03 12:11:29,4541
761,52,1,5,11,2023-03-21 20:44:51,2024-04-22 09:24:06,1120
762,76,2,3,62,2022-08-30 05:45:07,2023-11-06 04:43:34,873
763,84,2,2,32,2023-02-05 16:19:40,2023-08-16 19:13:20,721
764,40,9,9,16,2023-03-18 16:44:39,2024-02-11 01:37:20,1814
765,9,4,5,5,2022-11-20 02:53:09,2024-02-27 04:31:15,3731
766,70,6,3,39,2022-09-08 01:39:08,2024-06-25 22:22:42,3319
767,30,9,2,58,2022-07-30 14:20:40,2024-03-25 04:58:39,855
768,88,3,4,48,2023-02-21 04:38:51,2023-10-03 09:13:44,1856
769,24,9,6,80,2023-01-07 00:08:02,2023-11-30 00:13:30,4280
770,100,3,5,15,2022-09-19 19:26:49,2023-10-23 13:45:54,3004
771,75,6,5,72,2023-05-05 20:41:07,2023-09-09 07:59:25,1686
772,75,9,7,15,2023-02-03 23:56:45,2023-10-19 03:37:28,3621
773,74,5,2,98,2023-02-06 16:13:20,2024-04-16 20:32:39,3191
774,36,10,3,48,2023-05-30 19:57:41,2023-11-06 08:42:45,3664
775,11,9,7,5,2023-02-22 09:30:47,2023-11-28 16:08:53,1239
776,42,7,1,37,2023-05-02 17:57:55,2023-11-26 13:03:18,3819
777,35,5,6,26,2023-02-21 18:05:45,2023-07-16 23:39:01,1821
778,45,10,9,48,2023-03-29 16:50:01,2024-06-12 06:36:44,4767
779,5,1,2,82,2023-07-04 21:47:38,2023-12-27 04:36:45,1408
780,57,7,4,34,2022-12-10 03:54:59,2023-12-31 00:38:13,1510
781,21,10,2,3,2022-09-22 08:40:34,2024-01-04 23:39:40,3341
782,84,9,7,62,2023-03-23 02:17:40,2023-12-14 04:47:26,3719
783,24,6,2,32,2022-10-24 13:34:28,2024-04-29 15:10:02,3601
784,4,3,4,25,2022-12-29 21:08:15,2024-07-07 20:26:37,4706
785,7,5,5,13,2022-12-30 23:42:40,2023-11-16 09:26:35,3889
786,36,5,7,60,2022-11-03 20:49:13,2023-08-23 01:11:48,2059
787,19,10,2,76,2023-01-01 21:18:29,2024-07-10 03:13:38,4467
788,79,7,2,44,2022-07-20 02:02:33,2024-02-24 19:05:10,3877
789,2,5,6,42,2022-12-02 23:09:41,2023-09-20 06:52:30,1449
790,26,9,9,53,2022-10-26 03:43:08,2023-09-14 07:55:11,4696
791,55,4,10,64,2022-09-09 05:39:24,2024-03-19 00:24:54,3589
792,87,1,8,54,2022-08-04 15:01:17,2023-09-01 16:38:40,819
793,33,9,5,65,2023-05-29 19:50:46,2024-02-07 01:27:51,4124
794,81,4,9,59,2023-03-12 16:59:09,2024-04-09 20:26:57,4283
795,23,9,8,25,2022-12-10 08:43:52,2024-04-21 12:54:29,1754
796,57,8,9,80,2023-01-11 13:50:34,2023-09-02 16:01:29,876
797,39,3,2,51,2023-04-15 12:17:26,2023-09-11 16:23:26,2053
798,49,4,7,37,2023-05-03 09:16:45,2023-11-21 00:14:48,4155
799,89,6,6,47,2022-07-26 12:08:44,2024-02-11 18:47:35,2864
800,38,1,3,17,2023-06-19 07:40:26,2024-02-14 05:35:32,3402
801,15,8,7,29,2022-09-25 10:44:59,2023-09-28 23:04:38,3683
802,51,3,10,48,2022-10-03 09:27:15,2024-05-22 16:43:07,4586
803,4,1,1,50,2023-01-27 16:38:01,2023-09-01 18:29:36,3650
804,66,3,1,55,2023-03-19 08:18:18,2024-01-12 22:40:23,3339
805,10,1,1,5,2023-04-13 01:25:06,2023-07-25 07:05:08,1070
806,35,9,3,10,2023-06-24 04:35:31,2023-11-12 05:37:03,1696
807,25,6,4,58,2023-02-16 12:05:00,2024-06-02 23:08:19,2199
808,83,2,5,2,2022-09-24 12:55:15,2024-03-07 03:43:39,1593
809,8,3,10,82,2022-12-25 00:19:37,2023-09-04 00:27:15,1614
810,62,9,4,14,2023-06-23 04:50:50,2023-12-27 20:32:51,4533
811,80,10,1,92,2022-09-23 16:26:32,2023-08-26 13:32:24,2363
812,52,1,4,12,2022-10-22 15:43:49,2023-09-27 03:30:28,3537
813,21,4,8,79,2023-06-11 20:51:41,2024-03-14 11:59:52,917
814,51,9,7,20,2022-09-01 11:59:10,2024-01-13 09:34:24,1426
815,56,8,6,5,2023-02-17 23:13:40,2024-03-29 17:06:34,1248
816,34,9,5,83,2022-08-27 02:28:02,2024-06-24 10:19:12,2413
817,18,1,6,6,2023-03-07 15:06:58,2023-08-30 22:56:33,2200
818,93,3,6,68,2023-01-22 05:56:45,2023-08-18 22:21:10,2934
819,13,5,2,10,2022-12-14 22:38:43,2024-07-10 13:33:26,1990
820,89,3,4,87,2022-11-30 20:34:25,2024-06-18 03:53:06,2777
821,62,7,3,2,2023-03-22 01:58:45,2023-08-19 15:04:32,1235
822,56,4,5,86,2022-12-05 02:37:40,2024-03-11 14:32:57,983
823,71,8,8,64,2022-10-07 20:12:34,2023-10-05 05:23:08,4568
824,67,8,1,68,2023-04-01 04:33:37,2024-03-28 18:04:09,1646
825,39,2,7,21,2023-05-08 06:36:46,2024-05-28 21:22:50,2006
826,77,6,7,9,2022-09-22 02:40:12,2023-08-20 04:28:50,2649
827,6,4,8,58,2023-07-02 17:19:54,2023-08-16 16:49:40,1299
828,48,10,2,84,2022-09-05 07:59:30,2024-03-11 07:03:10,1707
829,89,2,7,94,2023-05-21 01:50:31,2023-12-09 23:27:37,1542
830,50,5,9,70,2023-01-27 08:13:20,2023-08-19 18:37:40,4814
831,47,6,5,47,2022-10-03 02:42:17,2023-11-21 08:05:45,4022
832,3,6,4,60,2023-02-26 00:29:45,2023-09-17 21:53:16,3784
833,58,6,2,81,2023-05-04 17:18:53,2023-08-17 02:34:49,4181
834,77,8,4,83,2022-09-04 12:24:47,2023-09-05 13:27:50,1708
835,88,7,8,36,2023-03-28 19:27:22,2023-11-29 06:58:05,3597
836,78,10,1,85,2022-10-16 02:45:48,2024-05-06 05:52:35,3009
837,74,10,4,51,2022-11-27 09:08:46,2024-03-10 17:00:24,1075
838,34,2,8,96,2022-11-17 21:13:04,2024-05-16 06:30:23,3431
839,56,1,9,49,2023-03-06 13:40:34,2023-10-06 11:46:07,1732
840,77,6,10,17,2022-10-09 16:31:59,2024-01-09 12:31:15,2282
841,30,5,3,24,2022-08-01 15:51:31,2024-06-19 17:02:24,2740
842,3,4,9,62,2023-05-25 05:38:01,2024-02-19 11:36:27,2231
843,26,4,7,71,2022-12-18 04:04:38,2023-08-25 02:57:50,4726
844,69,6,3,27,2023-04-25 05:28:58,2024-01-18 02:38:33,4451
845,14,6,4,57,2022-10-03 12:00:26,2024-02-17 22:01:23,4746
846,42,2,3,69,2022-10-12 01:56:34,2024-06-24 22:57:01,4548
847,49,4,4,80,2022-09-16 21:18:05,2023-11-04 10:34:08,4438
848,45,10,7,29,2022-09-22 02:49:28,2023-10-26 14:32:12,4316
849,88,3,10,70,2022-10-13 02:05:35,2024-06-30 13:31:14,1627
850,3,3,3,49,2023-05-29 10:36:30,2023-12-30 06:49:09,1192
851,99,4,4,44,2022-09-17 17:16:23,2024-06-10 15:29:47,4603
852,34,7,8,17,2022-12-20 13:36:48,2023-08-02 00:28:04,2248
853,62,10,3,64,2022-09-28 01:19:40,2024-03-26 05:26:10,2016
854,14,10,5,78,2022-12-20 00:28:28,2024-05-08 18:46:57,566
855,54,8,1,28,2023-05-10 04:27:14,2023-07-31 00:14:29,2009
856,89,3,7,92,2022-11-29 12:03:30,2023-11-12 19:38:44,3118
857,58,4,8,62,2023-02-24 01:56:32,2023-10-18 19:08:19,3433
858,45,6,7,87,2023-06-14 08:24:54,2024-02-12 19:00:39,788
859,55,3,9,10,2023-04-03 20:55:17,2024-04-24 02:43:10,4673
860,22,2,7,19,2022-10-13 23:53:28,2024-06-07 02:36:06,2122
861,1,9,7,36,2022-08-23 04:46:49,2023-11-23 00:08:19,1970
862,3,2,3,35,2023-04-26 08:37:16,2024-03-01 10:26:15,3544
863,100,9,4,98,2023-02-01 04:04:22,2023-11-26 19:26:02,3045
864,91,10,8,92,2023-01-08 13:15:22,2024-01-14 21:58:38,3525
865,44,7,3,73,2023-03-11 23:48:20,2023-12-07 03:52:20,2262
866,83,8,7,18,2022-08-27 14:24:13,2023-12-20 12:16:30,1324
867,68,1,5,81,2023-06-26 16:14:38,2023-09-12 14:34:10,1976
868,50,10,10,11,2023-01-16 02:34:41,2023-12-17 23:29:07,3915
869,28,5,3,60,2022-08-24 18:38:31,2023-12-14 17:11:05,3022
870,42,5,5,73,2022-08-04 09:09:31,2024-05-14 02:01:23,3489
871,82,1,10,74,2022-09-23 12:22:25,2024-01-28 17:58:28,3333
872,79,4,8,40,2023-03-20 12:15:58,2024-03-03 02:46:35,1204
873,17,1,2,97,2023-07-08 23:49:07,2024-01-21 16:04:45,1162
874,31,9,9,57,2022-10-12 11:52:37,2024-03-20 20:43:48,916
875,7,8,2,53,2023-03-12 03:05:26,2024-06-28 18:03:43,4295
876,45,7,8,41,2022-11-28 13:43:27,2024-02-15 05:03:06,3661
877,34,1,6,74,2023-01-18 13:42:16,2024-06-19 00:30:55,741
878,5,2,4,85,2023-02-27 18:12:38,2024-03-08 15:13:08,2446
879,16,9,6,19,2022-09-15 04:21:53,2023-09-12 10:21:43,1116
880,31,9,10,98,2023-06-22 02:50:43,2023-12-16 12:23:38,2038
881,42,6,3,30,2023-02-17 01:11:01,2024-01-24 03:44:31,815
882,18,8,3,76,2022-07-26 09:20:40,2024-02-25 15:10:51,3719
883,72,6,10,30,2023-07-12 12:41:09,2023-11-29 03:35:36,1431
884,73,4,9,47,2022-10-21 00:25:53,2024-05-23 11:41:32,2056
885,76,6,4,37,2023-02-26 00:52:52,2024-03-22 00:55:50,3785
886,52,6,3,7,2022-09-01 01:56:39,2024-05-29 12:03:15,4554
887,93,8,2,81,2022-08-12 04:49:05,2024-03-02 07:56:54,2957
888,25,1,9,24,2022-09-28 10:32:11,2023-08-30 19:16:50,883
889,100,7,5,28,2023-04-08 08:46:25,2023-09-25 01:10:58,3715
890,2,8,6,35,2023-06-22 03:35:19,2024-03-19 09:51:33,3580
891,25,3,5,94,2022-10-16 05:49:28,2023-12-15 00:28:16,4515
892,37,5,3,57,2022-08-27 14:27:54,2024-05-21 18:25:53,794
893,69,1,5,48,2023-06-17 01:08:15,2023-07-30 01:12:17,4116
894,49,3,7,29,2022-10-04 14:09:02,2024-03-20 07:37:34,1650
895,59,9,1,49,2023-07-13 06:04:19,2024-06-10 02:54:05,4027
896,57,3,9,99,2023-07-08 01:56:54,2024-03-24 13:25:20,2215
897,26,1,1,43,2022-07-31 11:02:16,2024-06-16 22:33:18,2947
898,38,2,6,10,2023-04-18 19:12:15,2024-02-16 01:16:21,2030
899,87,3,9,84,2022-12-16 12:01:48,2024-02-12 03:37:42,1062
900,45,4,6,79,2022-09-05 23:48:02,2023-10-24 00:57:18,2710
901,3,4,4,55,2022-08-05 13:05:02,2023-12-18 19:48:38,3618
902,93,2,9,33,2022-12-07 16:58:07,2024-07-02 10:11:53,4201
903,53,5,6,64,2023-01-24 01:24:24,2024-05-04 05:01:42,1367
904,34,6,3,62,2023-04-27 03:24:10,2024-06-29 18:15:13,1939
905,47,8,1,72,2023-05-14 23:29:33,2023-08-27 04:42:07,4608
906,34,3,7,98,2023-01-12 02:42:01,2024-07-03 16:40:31,2224
907,73,8,8,4,2022-08-06 14:23:34,2023-11-15 08:40:24,4220
908,32,1,1,19,2022-11-29 15:22:24,2023-10-26 00:55:42,2968
909,70,4,10,82,2023-02-05 15:43:01,2024-03-05 07:50:09,3342
910,51,2,7,20,2022-09-19 14:32:04,2024-03-10 06:14:45,3948
911,21,6,2,24,2022-11-05 23:17:01,2024-01-27 04:25:25,1503
912,9,7,2,35,2022-10-12 14:24:21,2023-09-04 14:33:35,2531
913,57,1,2,58,2022-10-27 13:17:06,2024-01-14 13:40:41,3180
914,63,9,6,38,2023-03-20 12:21:03,2024-06-30 23:13:42,4514
915,40,10,5,73,2023-02-06 07:06:52,2023-07-30 06:40:02,2138
916,3,6,2,29,2023-04-24 04:31:38,2023-12-25 20:18:12,3713
917,12,8,5,2,2023-02-27 09:53:31,2024-02-14 04:42:21,4656
918,23,5,5,38,2022-08-05 22:27:34,2024-06-28 20:07:04,4745
919,20,3,9,10,2022-08-12 12:54:05,2023-08-08 22:23:41,1091
920,72,9,3,93,2023-06-09 02:39:20,2023-09-11 21:06:52,4104
921,44,8,9,89,2023-07-03 20:10:20,2023-12-11 03:36:10,3724
922,19,8,8,44,2023-02-25 21:40:44,2023-12-04 19:31:15,4305
923,28,3,10,68,2023-04-21 18:14:36,2024-03-09 09:47:07,2329
924,36,4,6,31,2022-12-05 09:44:39,2023-08-28 15:41:05,2246
925,74,4,6,68,2023-04-23 22:37:24,2023-12-25 14:26:30,1184
926,51,3,10,46,2022-11-06 21:48:41,2024-05-25 22:47:48,4533
927,69,2,1,8,2022-08-14 12:49:30,2024-02-17 17:36:40,2343
928,100,1,10,24,2022-08-13 06:03:28,2023-07-16 07:12:40,4839
929,53,9,4,64,2023-01-04 11:54:00,2024-02-23 20:25:36,3034
930,1,10,10,98,2023-04-23 01:33:21,2023-12-11 15:57:12,3038
931,7,6,8,89,2022-10-29 11:16:07,2023-12-31 11:02:40,1904
932,97,1,6,20,2023-01-09 05:02:32,2023-11-18 21:54:18,1784
933,44,4,6,37,2023-04-01 17:41:08,2024-05-15 12:29:23,4427
934,26,8,10,76,2022-07-26 07:52:39,2023-10-11 11:01:55,2957
935,82,7,3,78,2023-04-14 23:42:04,2023-11-22 08:29:49,2351
936,66,5,3,17,2023-01-13 01:21:11,2024-02-25 10:03:27,1765
937,7,2,7,61,2023-03-02 11:15:35,2024-05-08 03:11:14,874
938,76,9,9,49,2022-11-14 08:55:06,2023-08-03 00:32:49,4799
939,98,1,6,10,2023-02-08 05:31:03,2024-01-20 18:32:41,3757
940,31,8,2,69,2022-07-22 12:49:46,2023-09-16 06:54:32,1260
941,85,6,3,72,2023-07-01 23:21:43,2023-11-01 11:19:41,2800
942,100,6,9,95,2023-06-25 08:42:14,2024-05-12 01:13:46,3568
943,60,10,8,39,2022-11-29 22:59:07,2024-03-20 20:33:37,3313
944,62,6,5,73,2022-12-14 19:24:02,2023-11-03 23:41:29,2260
945,21,4,4,67,2022-09-09 05:48:45,2024-06-09 21:51:19,3188
946,99,2,4,56,2023-03-10 06:14:03,2024-02-10 09:42:58,2531
947,9,1,10,11,2023-05-11 21:16:31,2024-01-18 17:07:49,4532
948,70,10,2,14,2023-02-10 12:21:24,2023-10-01 21:33:07,722
949,57,9,2,75,2023-03-23 07:56:03,2023-09-17 10:06:23,1334
950,91,4,1,8,2022-11-04 20:48:04,2024-03-12 21:06:07,1703
951,70,8,2,8,2022-10-19 22:24:29,2024-04-05 05:45:43,3621
952,90,4,4,88,2022-09-21 15:31:02,2023-08-08 12:10:44,1203
953,39,3,10,62,2023-03-11 19:15:54,2023-12-27 13:05:57,1793
954,84,1,1,65,2023-04-11 17:32:59,2023-10-21 13:24:53,3030
955,61,5,5,13,2023-01-30 08:13:23,2024-02-10 10:52:17,1000
956,20,5,3,36,2023-06-22 18:53:07,2023-12-08 08:34:35,4045
957,20,10,7,53,2022-09-22 11:52:34,2024-01-01 15:11:15,3003
958,20,10,8,77,2023-03-07 11:37:44,2024-05-29 10:55:47,2141
959,43,7,9,19,2022-10-09 17:32:06,2024-04-21 22:04:58,4061
960,68,8,3,37,2023-03-07 04:12:45,2024-02-01 12:41:10,2249
961,41,9,5,5,2023-04-26 20:41:07,2024-04-28 02:36:28,2189
962,91,5,8,95,2023-06-13 09:20:04,2024-03-04 10:22:15,1517
963,49,5,3,78,2022-10-16 00:26:05,2024-03-15 08:56:31,3038
964,90,8,8,4,2022-08-10 01:16:46,2023-09-12 11:45:38,3388
965,37,3,8,91,2023-05-04 13:14:58,2024-01-16 15:27:54,2918
966,94,10,4,13,2023-05-20 15:17:11,2024-01-30 17:28:27,1206
967,33,3,1,78,2023-06-14 07:14:35,2023-09-07 05:32:12,510
968,91,5,3,24,2022-12-07 07:58:23,2024-01-28 11:17:30,1865
969,6,3,7,43,2022-12-13 22:20:55,2023-12-14 23:09:57,3294
970,72,9,8,3,2023-01-29 16:28:48,2024-03-23 00:55:46,1300
971,91,1,6,89,2023-05-14 18:14:50,2023-11-03 12:10:12,1078
972,75,4,7,27,2022-08-13 17:27:15,2023-10-11 13:31:28,4885
973,90,8,10,63,2022-07-31 16:15:56,2024-06-05 10:40:47,1201
974,74,2,3,73,2023-01-06 04:29:49,2023-08-16 11:27:25,2162
975,38,5,4,94,2022-09-30 09:46:08,2024-06-17 14:15:05,1552
976,1,3,9,11,2022-10-15 02:13:45,2024-06-19 03:16:49,2286
977,24,10,2,61,2023-03-01 19:17:20,2023-10-16 05:48:55,1631
978,26,1,3,61,2022-09-19 11:10:11,2024-01-31 09:34:59,751
979,36,8,1,44,2023-04-30 17:33:56,2024-02-26 11:36:36,2320
980,50,4,9,58,2023-04-28 05:11:28,2023-12-14 23:21:31,4638
981,76,5,5,34,2022-12-24 06:03:31,2023-10-03 18:51:13,1302
982,72,6,6,34,2023-07-15 06:13:18,2024-07-10 05:26:16,652
983,19,5,6,86,2023-05-19 12:22:19,2023-10-31 15:22:25,4295
984,99,2,8,92,2022-09-26 21:32:15,2024-06-29 13:27:33,2553
985,86,5,5,87,2023-03-06 04:14:52,2023-11-02 14:57:11,4685
986,89,6,10,98,2022-08-20 04:29:03,2024-07-08 16:13:56,1768
987,33,9,4,62,2022-11-19 18:58:59,2024-05-23 15:16:17,1356
988,88,1,6,18,2022-07-30 05:42:31,2024-04-12 03:54:06,3500
989,80,10,3,26,2022-10-29 12:07:17,2024-06-21 14:21:57,2418
990,6,2,1,80,2023-02-22 02:17:04,2024-07-12 07:55:26,4759
991,73,5,9,69,2022-07-16 06:49:50,2024-06-11 18:35:45,1697
992,59,8,2,82,2023-01-28 16:06:17,2024-05-27 01:38:57,4798
993,56,2,3,8,2023-03-16 10:54:30,2024-02-16 23:32:16,1591
994,85,9,5,98,2023-02-06 18:26:34,2024-01-03 20:50:16,3430
995,61,5,2,88,2022-12-02 08:03:09,2023-10-01 12:27:44,3923
996,59,7,3,64,2023-03-25 23:58:12,2024-01-01 14:52:02,620
997,89,9,10,75,2022-12-17 17:17:45,2023-08-15 19:05:36,3869
998,9,2,9,57,2023-05-29 23:48:18,2024-04-30 17:01:28,1183
999,91,7,9,10,2023-05-09 02:46:40,2023-10-09 13:53:16,1003
1000,96,7,1,11,2023-01-18 07:21:30,2024-01-23 23:01:12,4554
